id	review	score
0	Dobrze,że nie przetłumaczyli tytułu na Kra Kra Kraj :)	8
1	9/10 - tak strasznie, cholernie, bardzo czarujący Musicale - bardzo lubię. Emma Stone - uwielbiam. Damien Chazelle - ogromny kredyt zaufania. Ryan Gosling - odczuwam już lekki przesyt jego osobą, ale w połączeniu z Emmą, biorę w ciemno. Powiedzieć, że na „La La Land” czekałem więc z dużym podekscytowaniem to nie powiedzieć niczego. Poziom dużego podekscytowania to osiągnąłem już w okolicy sierpnia, po pierwszej fali ...	9
2	Rozczarowanie Dostałam zaproszenie na pokaz przedpremierowy nic wcześniej o tym filmie nie słysząc. Parę dni przed seansem zerknęłam pobieżnie na opis i zdążyłam przeczytać tylko, ze to dramat/romans. Uznałam ze to pewnie ckliwy i banalny wyciskacz łez, ktory głownie bedzie mnie śmieszył, ale przynajmniej popatrzę sobie na ślicznego Ryana. ;-) W dniu pokazu usłyszałam, ze film dostał wlasnie 7 globów, ze to ...	5
3	to chyba żart? Przepraszam czy oceny gry aktorskiej Emmy i Ryana to jakiś żart???	10
4	Że że żenujące Miałam bardzo duże oczekiwania co do tego filmu. Zawiodłam sie jednak bardzo. Po 25 minutach czekałam tylko na koniec. Gra aktorska fatalna! Na pierwszym planie miłość, w zamierzeniu pewnie namietna i spontaniczna, a co dostajemy? Dwojke ludzi ktorzy przez cale dwie godziny zachowuja sie jakby byli sobie obcy. Nie widac miedzy nimi zadnnych relacji. Ryan ciagle z ta sama mina, Emma przerysowuje, widac ...	3
5	Nie bój się musicalu :) Nie jestes fanem musicalu, bo wstawki muzyczne denerwuja Cię niczym reklamy w najbardziej wyczekiwanym momencie ? Też nie jestem fanem tego gatunku,ale wczoraj obejrzałem i jestem zachwycony. Wszystkie składniki filmu są smacznie skomponowane. Nie ma tu nachalnych prób przypodobania się komukolwiek i chyba dzięki temu proste składodowe w idealnie dobranych proporcjach otwierają przestrzeń ...	10
6	Co jest grane? NU NU NUDA Jak można stworzyć wizualnie tak dopracowany -klimatyczny film (wystarczy spojrzec na zdj) a oglądajac go nie czułam ŻADNEGO klimatu. NIE zapamiętałam ŻADNEJ piosenki. NIE zapamiętałam ŻADNEJ twarzy drugoplanowej. NIE pourszyła mnie historia bohaterów. NU NU NUDA. WIELKIE ROZCZAROWANIE.	3
7	Porażka niestety Byliśmy na nim z żoną - chce się po obejrzeniu powiedzieć wtf - ni to musical ni to romans, sceny tańca rażą sztucznością a szczytem jest Gosling unoszący się w powietrze ze Stone - mimo, że żona jest jego fanką a ja jej , było to niestrawne	4
8	Najlepszy film 2016? Nie dla mnie. Zawód tym większy, że reżyserem jest Damien Chazelle, gość od Whiplash, czyli filmu, który wprawił mnie w emocjonalną drżączkę. A wobec La La Land pozostałam totalnie obojętna, co jest niewiarygodne, zważywszy na fabułę, której istotnym elementem jest hołd składany kinu, a akcja toczy się w Los Angeles i częściowo właśnie w środowisku filmowym, a takie autotematyczne motywy lubię ...	6
9	końcówka to majstersztyk Uwaga Spoiler! Ten temat może zawierać treści zdradzające fabułę.	9
10	To i ja dodam jeszcze coś od siebie, że przez cały film ziewałam...Pierwsza scena totalnie mnie nie porwała, te śpiewy takie sztuczne. Fakt muzyka była interesująca i takiego zakończenia się nie spodziewałam, ale nadal nie rozumiem za co ten film otrzymał tyle nagród?! Wiem natomiast jedno, że już nie wybiorę się na żaden musical, chrzanić muzykę, taniec i śpiew, jeśli 2h mam się nudzić...no way!	3
11	10/10 Uwaga Spoiler! Ten temat może zawierać treści zdradzające fabułę.	10
12	Knot. Wczoraj widziałem. Knot, jakiego dawno nie widziałem. Te nagrody to za co niby?	3
13	Czy tylko mnie zdołował ten film? Uwaga Spoiler! Ten temat może zawierać treści zdradzające fabułę.	9
14	Kolejna produkcja z przygotowaną w mediach otoczką genialności i ochami, achami 100 razy większymi niz sam film A potem idzie człowiek do kina i czeka na koniec. Jak mnie to wkurza, że wielu ludzi ogląda to to i wydaje im się, że film był dobry, no bo przecież innym tak się podobał, więc mi też powinien.	3
15	Nominacja za scenariusz pytaniem o zdrowie psychiczne Akademii Ona i on. Amibcje, milosc. Uda sie, nie uda. Historia jakich dziesiatki, a moze setki w filmach. Ciut inne dekoracje, ale reszta ograna. I za to tez nominacja? Wstyd.	6
16	Ja i mój świat - tylko to się liczy. Dlaczego tak nachalnie lansują ten film? Uwaga Spoiler! Ten temat może zawierać treści zdradzające fabułę.	3
17	Gosling w La La land jest jak Jar Jar Binks w Gwiezdnych Wojnach. A wstawki musicalowe jak UFO w Modzie na Sukces.	3
18	Co za gniot ! Jak to możliwe, że coś takiego dostało 14 nominacji do Oscara ?? Banał pogania banał. Fabułka słabiutka. Emma Stone i Ryan Gosling nawet gdyby byli najlepszymi aktorami świata, to nic z tych ról by nie wycisnęli dobrego, bo te role to są totalne wydmuszki. Totalny brak głębi w tym filmidle. No i co z tego, że ładnie jest sfotografowany ? Żadna piosenka nie zapada w pamięci. Totalna porażka. Brak ...	3
19	??! Oscar dla Emmy Stone?! To jakieś kpiny! Lubie ją ale większego drewna niż jej gra w LLL dawno nie widziałam- stwierdzam to z przykrością bo bardzo czekałam na ten film. Scenografia, muzyka...ok. Reszta wołała o pomstę bo nieba..wyjąc..na kolanach.. w deszcz.	2
20	Dla Mnie film rewelacyjny Świetna gra aktorska, zdjęcia, reżyseria, muzyka i bije z tego filmu jakaś pozytywna energia. W natłoku tych wszystkich naszpikowanych CGI gniotów to prawdziwa perełka. Wzbudza nostalgie za starym dobrym kinem z Hollywood. Tak Mi się spodobał że wybiorę się jeszcze raz, a jeszcze nigdy nie byłem w kinie dwa razy na tym samym filmie	9
21	SUPER film...lub NUDA do potęgi! JEŻELI KTOŚ LUBI MUSICALE TO RACZEJ UZNA TEN FILM ZA REWELACJE!!! I SŁUSZNIE. Pięknie filmowany, zagrany, zatańczony, zaśpiewany itd... Ja mam prawo nie przepadać za musicalami i piosenkami w filmie...i nudziłem się jak mops:):) Poza genialnym HAIR nigdy żaden musical mnie nie zachwycił...Ale fajnie, że piękno tkwi w różnych gustach i guścikach. Poprzedni film reżysera ...	4
22	Arcy.... dzieło? Nie wiem czy widziałam ten sam film co reszta widzów oceniających między 7 a 10. Śmiem twierdzić, że nie ponieważ to co widziałam to na pewno nie było dzieło na miarę 14 Oscarów.	5
23	6/10 Widziałam, tyłka mi nie urwało i długo będę zastanawiać się nad tym dlaczego ten film dostał tyle Golden Globe. Owszem scena wprowadzająca na autostradzie bardzo fajnie nakręcona (bez cięć, wszystko perfekcyjnie dograne), ale jakoś nie jestem przekonana, że La La Land to arcydzieło zasługujące na Oscary. Fajny film, ale szału nie było. Wokalnie Emma Stone cieniutko, Gosling nieco lepiej. Szacun dla niego, że ...	5
24	Nudny film, ziewałem czekając kiedy się to skończy Film po prostu nudny, drętwy - niewiele się w nim dzieje. Scenariusz banalny, przewidywalny (np. wiadomo, że monodram bohaterki MUSI się skończyć klapą), sklecony byle jak. Główne przesłanie filmu podążaj za marzeniami wbrew wszystkiemu przedstawione nieudolnie, nieprzekonująco. Brak psychologicznej wiarygodności: widz nie wie dlaczego bohaterowie postępują tak a ...	4
25	nieporozumienie nie wiem co wy widzicie w tym filmie i za co on dostał tyle oscarów. okropny gorszego nie widziałem	1
26	La La ale nudy Ten film to pustka, wydmuszka nawet niezbyt ładnie pomalowana. Gdzie temu mdłemu dziełku do musicali tej rangi co Chicago czy Cabaret? Gra i taniec pary pierwszoplanowych aktorów są tak drewniane, że aż w 11 rzędzie w kinie słychać, jak skrzypi. Muzyka? Jaka muzyka? Ten wymęczony kawałek? Zero emocji, zero namiętności. Brak pomysłu. Ale co może dobra promocja....	1
27	Intrygujące zakończenie Uwaga Spoiler! Ten temat może zawierać treści zdradzające fabułę.	10
28	Gęsia skórka Przez cały film czekałam na gęsia skórkę....doczekałam się , ale niestety nie była to zasługa filmu tylko nawiewu.	6
29	nawet nie oglądałem ale za ten debilny tytuł i plakat daję na 1/10 ps. robienie musicali powinno być zabronione	1
30	City of Stars Aż mi głupio pisać, ale ta piosenka jest genialna. Mmmmmm......	8
31	Nie wierze że to gówno dostało oscara. Nie twierdze że to zły film, mimo że nie przepadam za filmami tańca i śpiewu. Ale Oscar? Totalna porażka!	1
32	Przyjemny musical ale czy to jest arcydzieło ? Nie bardzo rozumiem tych wszystkich zachwytów nad La la landem. Film bardzo przyjemy, ze świetną muzyką (aczkolwiek jak dla mnie trochę tej muzyki za mało było ) i piękną kolorystyką. Ale do arcydzieła to mu jeszcze daleko.	7
33	Daje się oglądać od połowy D połowy to jest, niestety, smutne pierdzenie. Dopiero w połowie akcja zaczyna nabierać jakiegoś tempa. Strasznie nierówny film.	6
34	BLA BLA BLAND... czyli jak wypromować średi film do rangi arcydzieła Film nie jest zły. Można nawet powiedzieć że jest dosyć ciekawie zmontowany i zrealizowany ale... ale według mnie nie jest to arcydzieło godne wszystkich zachwytów, nagród i nominacji. Jak zwykle skuteczna promocja i sztuczne zamieszanie wokół filmu zrobiło swoje. Uwielbiam musicale!! Ten film to taki trochę musical a trochę film z dobrym ...	7
35	Po seansie - nie można mieć akwarium i rybek Uwaga Spoiler! Ten temat może zawierać treści zdradzające fabułę.	8
36	Czuję Oscary Zwiastun zapowiada coś wyjątkowego, czuję że Stone i Gosling w końcu będą mieli szansę zabłysnąć na gali. Świetni aktorzy, którym chyba w końcu trafiła się okazja. Technicznie też może być bardzo dobrze, nie mogę się już doczekać seansu ;)	10
37	Cudowny, fantastyczny, świetny Jestem w szoku jak fantastyczny jest ten film. Mega przyjemny w odbiorze. Pozytywny. A filmowa para cudownie dobrana , chemia między nimi udziela się oglądających. Aż mi się smutno zrobiło jak film się skończył. Dla mnie arcydzieło. I świetna muzyka.	10
38	Plakat Ciekawy jest ten pierwszy plakat, taki w starym stylu, nienachalny. Szkoda, że jak tylko dojdzie do polskiej premiery, zostanie zamieniony na jakiegoś napchanego wszystkim co możliwe potworka.	7
39	Świetne zagranie w trailerze Uwaga Spoiler! Ten temat może zawierać treści zdradzające fabułę.	7
40	4/10 Naprawdę ktoś to nominował do Oscara? Naprawdę, ale to NAPRAWDĘ nie rozumiem zachwytu tym dziełem. Żadnemu z wielkich musicali nie dorasta do pięt, ani gra aktorską - bo ile jej tu jest? Ani oprawą muzyczną, no wybaczcie, ale gdzie temu do takich dzieł jak Hair, Jesus Christ Superstar, Grease, Skrzypek na Dachu, czy nawet Mamma Mia to jest kosmos przy tym. Nigdy nie widziałem musicalu, w którym było tyle... ...	4
41	Rekord 7 Globów... No nieźle, nie mogę się doczekać.	9
42	Piękny, żywy, intensywny przykład na to, że ani teatr, ani książka nie jest w stanie tak zachwycić jak kino. Wielki triumf fantazji, wyobraźni, zabawy i Hollywood. MAGIA!	9
43	Polski akcent w La la land? :) Zauważyliście błękitnego fiata 126p pod koniec filmu? :D	10
44	PIĘKNIE OPAKOWANA PUSTA WYDMUSZKA!!! Poprzedni film tegoż reżysera WHIPLASH był wyśmienity, a tego nie kupuję Moim faworytem jest Monsters Call ale w tym roku hollywood tego filmu nie zauważył	4
45	Absolutną bajkaaa Cudowny, łagodny, przepiękny pod każdym względem	10
46	Czuję się oszukana. Poszłam na romantyczny musical. Miało być miło, słodko i przyjemnie, miało być zgodnie z gatunkiem, miało być do bólu szczęśliwie, miało być na poprawę humoru, a ten film mnie tylko przygnębił. Po co to zakończenie? Nie lubię niedopowiedzeń, ale wolałabym, żeby ten film skończyl się przed napisem 5 lat później. Jak można było zrobić coś takiego? Minęło 5 lat a Mia zdążyła zrobić karierę i wyjść ...	7
47	słaby poziom śpiewania, przereklamowany, ... nie wiem jak mogli wybrać aktorów którzy śpiewają po prostu przeciętnie, miaucząca Emma i niezapamiętywalna barwa Goslinga, jak sobie przypomnę zawodowy śpiew aktorów w innych musicalach (Zeta-Jones w Chicago, Ewan McGregor w Moulin Rouge...), przyjemny film do oglądania, ładny i barwny, ale banalny i stanowczo przereklamowany, a scena tańca w gwiazdach...non comments.	5
48	Jak to jest? Ciekawa sprawa z tym La La Landem, bo z jednej strony mówi się, że straszny hype związany z tym filmem, że przereklamowany a z drugiej strony, internet aż kipi od wypowiedzi, że beznadziejny, gniot, rozczarowujący aż można dojść do wniosku, że La La Land to jeden z najbardziej niedocenionych filmów :-) Szczególnie jeśli film się obejrzało a ma się o nim pozytywną opinię :-)	10
49	Nieporozumienie Nagroda za najlepszy film? Jakiś żart. Mocno średni film wygrywa Oscara dla najlepszego filmu... Oscary z roku na rok są coraz większym żartem. Choć w poprzednim roku z wyborem się zgadzałam, to w tym i 2 lata temu, zdecydowanie nie.	7
50	Przyznawanie temu filmowi ocenę 4 i niżej to już czyste hejterstwo. Dlaczego? Ponieważ jakkolwiek by nie był to film, który zachwyci wszystkich i trafi we wszystkie gusta, tak nie sposób obojętnie przejść obok warstwy muzycznej tego filmu, nie sposób nie docenić tego artyzmu w montażu, wizualizacji oraz scenerii oraz nie sposób uznać cały zamysł tego filmu za przeciętny. Damien Chazelle stworzył dzieło absolutnie ...	9
51	Eh Liczyłam na coś wow a ja po 15 min już zasypiałam, tragedia. Piosenki mega fajne, montaż bardzo dobry, ale reszta?! Zero chemii między Emmą a Ryanem. Nie rozumiem tylu nominacji do Oscara! Dała bym góra 2-3 nominacje. Gosling był mega sztywny, czy on połknął kij od szczotki na czas kręcenia filmu?! Nie chciałą bym więcej razy tego widzieć, wydałam tylko niepotrzebnie pieniądze.	3
52	Travolta wygrywa Nie widziałeś La La Li? Nic nie straciłeś. Obejrzyj Grease.	5
53	Ależ emocję... Ale emocje w filmie, tak nudnego i beznadziejnego filmu nie widziałem od lat, i najbardziej w napięciu trzymały Oscary za pomyłkę filmu buhahahahaha La La Sraj.	1
54	A wiec Bog istnieje:) Jestem zadowolony, ze Akademia (jaka by nie byla) generalnie wlasciwie docenila La la land. Co do muzyki, scenografii czy zdjec to te nagrody sa jak najbardziej zasluzone. Stone z Oscarem to jednak pewne naduzycie w koncu chociazby Portman byla lepsza, no ale da sie to jakos przelknac. Nominacje dla Goslinga, za scenariusz i najlepszy film byly kompletnie na wyrost i cale szczescie w tych ...	6
55	6 Oscarów! La La Land z 6 Oscarami! Super! Ale pomyłka na koniec - jak dla mnie - wyreżyserowana.	10
56	Przereklamowany Nie rozumiem zachwytu tym filmem. Bardzo przeciętny, nie mający nic wspólnego z musicalem. Nużąca historia, podkreślana słabą grą aktorów. Nadaje się na półkę z filmami od tvn-u.	3
57	9/10 To było genialne. Muzyka, stroje, tańce. Wszystko. Tylko czemu do cholery takie zakończenie ... ehh.	9
58	Przyjemnie się ogląda.. i to w sumie tyle La la land to kilka dobrych scen tanecznych, parę chwytliwych piosenek i dość przyzwoita gra aktorska. Na plus filmowi wychodzi fakt, że Chazelle nie skupił się głównie na romansie bohaterów, ale na ich marzeniach. Ciekawsza postać z tej pary - Mia jest początkującą aktorką, która walczy o to by zagrać w filmie i mimo wielu porażek nie poddaje się. Historia Sebastiana nie ...	7
59	Kojarzy mi się z Birdamen, jednak.. o dziwo Birdman był lepszy. Także no... w obydwu filmach (zdradza to już trailer) latają, obydwa są o ciężkim robieniu kariery w hollywood.... Ale w Birdmanie muzyka i klimat wygrywają. Plus o wiele lepsza gra aktorska... No i jakiś przekaz, coś do zastanowienia się. La la Land dla mnie nudny, zupełnie bez dobrych pieśni (poza pierwszą) i tańców (tańce wręcz drewniane...) Tylko ...	5
60	Niezły bigos. Nie rozumiem. Złotych globów, oscarowych nominacji, zachwytów i lalamanii. To wszystko już kiedyś było. W tym mdłym bigosie, w kapuście tanich romansideł i ckliwych musicali kręcą się wieprzowe kostki z Ginger i Fred, plasterki cielęciny z Casablanki z odrobiną czerwonego wina z Whiplash (nawet z udziałem Simmonsa) w które wepchnięto suszone śliwkami Ryan i Emma. Smacznego dla miłośników. PS. Oscar ...	5
61	Oglądało się całkiem przyjemnie, ale ogólnie to rozczarowałem się Uwaga Spoiler! Ten temat może zawierać treści zdradzające fabułę.	6
62	Zakończenie wszystko zmienia Uwaga Spoiler! Ten temat może zawierać treści zdradzające fabułę.	7
63	nie uważam się za profana jeśli chodzi o musicale, choć nie jest to mój ulubiony gatunek. Potrafię jednak je docenić a Hair czy Cały ten zgiełk to pozycje, do których regularnie powracam, bo nie sposób ani o nich zapomnieć ani się od ich uroku wyzwolić. A tutaj.... - żeby nie urazić jego gorących wielbicieli - niczym mnie nie przekonał. Ot, ładne , kolorowe, pocztówkowe obrazki, przyjemne melodyjki. I nieco wieje ...	6
64	Hmm Co za nudny szajs chociaż końcówka zaskakuje.No i niebieski Fiat 126.	1
65	Jest juz rekordzistą Globów, bedzie rekord Oscarowy!?? Trochę statystycznie..Mianowicie nie będę się rozwodził na filmem bo wszystko w zasadzie zostało już powiedziane. Nurtuje mnie jedno-patrzę na każdą z 14 nominacji i w zasadzie w każdej kategorii ma mocną pozycję. Zastanawiam się, czy z wielkiej trójki (Ben Hur, Powrót Króla, Titanic) dołączy 4 wielki właśnie La La Land i czy jest to w ogóle możliwe, bo Globy dały ...	9
66	Okiem Laika...czyli kilka słów o LA LA LAND Nie jestem filmoznawcą, nie bywam na każdej premierze za to każdą galę Oskarów przesypiam a filmy na masową skalę zacząłem oglądać gdy kupiłem kartę Unlimited. Ale z racji wszech obecnego zachwytu nad filmem LA LA LAND i aż 14 nominacjami, postanowiłem zabrać głos. Niestety chyba mam inne kryteria dzieła. Ponad 2h projekcja filmu, okazała się wyzwaniem nie tylko dla ...	6
67	Każdy ten film odbiera inaczej i wctym tkwi jego sila To jest film, który trzeba obejrzeć, nie sugerując się opiniami innych. Jednym może się spodobać, innym nie. Jedno jest pewne, nie jest to głupiutka komedyjka w stylu Hollywood. Film skłania do refleksji. Poza tym dostarcza dawkę cudownej muzyki, która oczywiście nie do każdego trafi, tak jak nie każdy będzie miał po tym filmie przemyślenia.	9
68	Całokształt. Nie jest to mój klimat, ale film jest genialny. Według własnego uznania przyznałbym może 8, ale całokształt filmu to pieprzone arcydzieło. Żałuję zakończenia, nie takiego się spodziewałem i aż smutno mi się zrobiło :/	10
69	Hipnoza To coś niesamowitego, nienawidzić musicali i wyjść z sali kinowej tak oczarowanym! Stone i Gosling razem na ekranie to para, która przejdzie do historii kina! Napisalem kilka slow o najnowszym filmie Chazella. http://pdf.edu.pl/patryk-bujal ski/kultura/kochajmy-marzyciel i	9
70	10!! Arcydzieło, dużą literą pisane! Wyobraźcie sobie, że oglądając ten film doznałem emocji jakbym był zakochany! :) Nie chodzi o zauroczenie do głównej aktorki, tylko mój organizm wydzielał takie hormony jak podczas pierwszych spotkań z ukochaną! :) Taki delikatny ból brzucha, uśmiech, którego nie da się zakamuflować i ta chęć krzyczenia: WOW! :D Coś nieprawdopodobnego, film oglądałem tydzień temu, a do teraz ...	10
71	Zakończenie takie z dupy Uwaga Spoiler! Ten temat może zawierać treści zdradzające fabułę.	7
72	Klimatyczny, uroczy, świetny. Jak w temacie. Smakować go można minuta po minucie, ujęcie po ujęciu. Uczta dla ucha i oczu. Urocze, z klimatem, muzyka, zdjęcia, aktorstwo, montaż i reżyseria.	9
73	Niedowierzanie Chryste, jak ja się dziś wynudziłem na tym filmie. Pierwsze 40 minut było koszmarem. Nie mogę uwierzyć, że tak przeciętna gra aktorska, błahy scenariusz i proste kalki potrafiły nabić tyle nominacji. Whiplash przy tym to było arcydzieło. Jeszcze to drewno Gosling. Z drugiej strony nie bardzo było jak się wykazać. Zaś rola Emmy... no cóż. Te wstawki z jej przesłuchań to był szczyt jej aktorstwa.	5
74	To uczucie... kiedy wychodzisz z seansu i musisz wracać z pięknego kolorowego la la landu do szarej rzeczywistości.. ktoś też tak miał?	8
75	Oscary Gra aktorska w miare dobra, muzyka kapitalna, zdjecia tez na poziomie. Ale czy to film na miare oscara? Moim zdaniem nie.	7
76	Oryginalny, dobry film-musical Nie jest to najlepszy musical jaki widziałem, ale wg mnie jest dobry. Lubię taką swingowo-jazzową muzykę, ale najbardziej wpadło mi w ucho Someone in the crowd i szkoda, że ten utwór właśnie nie ma nominacji do Oscara. Aktorzy włożyli sporo pracy tutaj i szczerze mówiąc zaskoczyło mnie na duży plus, że pokazywali faktycznie aktora grającego na pianie, co się rzadko zdarza w filmach. ...	7
77	Owszem, płakałem po zakończeniu.. ...z powodu zmarnowania 2 godzin swojego życia.	4
78	Szału nie ma Po 7 złotych globach i bodajże 14 nominacjach do oscara możnaby spodziewać się arcydzieła, jednakże nie do konca tak jest. Pod względem wizualnym film ten jest przepiękny - prawie kazda scena wyglada jak malowany obraz. Niestety poza tym film ten niestety nie jest niczym nadzwyczajnym. Pierwsze dwa akty są bardzo wolne, więc zdecydowanie nie polecam tego filmu osobom, które lubia filmy, w ktorych chociaz ...	6
79	Przepiękny i klimatyczny Praca kamery i gra kolorów w tym filmie to coś magicznego. Piękny klimat, bardzo dobra gra aktorska Emma-świetna, Ryan-też, a ostatnia scena w ich wykonaniu-Rewelacja. Muzyka i tańce- umiarkowane, ale wspaniałe zwłaszcza City of stars. Piękne przesłanie no i to zakończenie. Podsumowując - Film świetny, jedyny w swoim rodzaju, po prostu piękny film.	9
80	Zawsze będziemy mieli Paryż Nie wierzę w to co się stało. Nie znoszę musicali, a ten mi się podobał. Świetna kolorowa scenografia. Zdjęcia przeplatające geniusz długich ujęć z ujęciami przeciętnymi. Montażysta nie wypadł już tak dobrze. Już po pierwszej efektownej scenie na autostradzie jest błąd w postaci nagle pojawiających się aut głównych bohaterów. Bardzo dobra Emma Stone. Niestety z czasem film przymula, ale ...	7
81	ujdzie! To dzieło ze strony muzycznej i choreograficznej można oceniać wysoko ale reszta pozostaje milczeniem.	4
82	Czy warto marzyć... Musicale są jednym z niedocenianych gatunków filmowych w świecie kina. Zazwyczaj kojarzyłam je z przesłodzonym, wymuszonym i empatycznym śpiewaniem głównych bohaterów oraz nudnymi, chaotycznymi choreografiami. Wybierając się na film la la land w reżyserii Damiena Chazellea byłam step-tycznie nastawiona. Obawiałam się ckliwej historii miłosnej, która wymusza w odbiorcy płacz. Treści ...	8
83	Cieszę się, że został nominowany do Oscara... I mam nadzieję, że go dostanie. W końcu film bez przesadnej oryginalności na siłę, gdzie głównymi bohaterami jest biała kobieta i biała mężczyzna, a w filmie nie pokazują się nic nie wnoszące nagości, wulgaryzmy, a przede wszystkim jakieś pseudoromanse gejów, lesbijek, transwestytów i innych dziwadeł. Odzyskuję wiarę w ludzi, jak widzę, że do Oscarów nominują normalny ...	10
84	Po Whiplashu Wszystko od Chazelle biorę w ciemno. Nawet tak banalnie brzmiące fabuły jak ta ;)	9
85	aktorzy drugoplanowi? Rozwijanie wątków bohaterów drugoplanowych było niemożliwe, jednka postacie mogłyby być choć troszkę mniej irytujące. Laska wcielająca się w siostrę Seby sprawiła, że chętnie po sebkowemu spuściłabym jej wpie***l za taka grę aktorską. Podobnie te całe przyjaciółki Mii. Dobór aktorów drugoplanowych to jakiś żart. Powinni równoważyć siły. Troche słodkiej miłości, troche zabawnego tła. Niestety coś ...	8
86	14 nominacji do Oscara... Uwaga Spoiler! Ten temat może zawierać treści zdradzające fabułę.	4
87	Świetny! Poszłam do kina z wielkimi oczekiwaniami i nie zawiodłam się, już od pierwszej sceny (!) film mnie zachwycił. Przede wszystkim jest cudowny wizualnie, muzyka jest po prostu wspaniała, a Emma i Ryan naprawdę się postarali. Po zakończonym seansie miałam ochotę bić brawo, a wracając do domu tańczyć :D Gorąco polecam, sama nie mogę się doczekać, aż zobaczę go ponownie.	10
88	choroba zwana Oscarem Szkoda, że takie przyjemne filmy dotyka choroba ludzi zwana krzyczeniem Oscar! w każdym kontekście i pokazywaniem czerwonego dywanu z informacją, że wygrał tyle i tyle. Choroba ta dotknęła Idę jakoś pół roku po tym jak uzbierała ledwie jakieś drobne na swój film i rozszerzono ją do jakiejś antypolskiej propagandy. TVN mogłoby dla odmiany pokazać problem upadku jazzu w filmie w uosobieniu ...	8
89	La la land Bardzo mi sie podobał. Przy koncowce bylam bardzo wzruszona i poruszona ta historia...po takie emocje sie idzie do kina. Mozna wybaczyc slabe wokale aktorow i dretawy taniec, momentami troche za malo emocji, jednak nie pokazanie wszystkiego wprost jest tu duzym plusem.	9
90	Travolta Land Czy to: http://www.hejbatka.cz/gif/982 7 wam czegoś https://media.balls.ie/uploads /2015/12/09105922/1353.gif nie przypomina? :-D	10
91	To nie jest musical Obejrzałem i zachwyciła mnie gra aktorska. Piosenki chodzą za mną. Mia złamała mi serce tym co zrobiła na końcu i przez nią płaczę po nocach w poduszkę. Ale im dłużej ten film trawię tym bardziej dochodzę do wniosku że nie jest to ani romans ani musical. To dramat. I to na miarę Obywatela Kane. Dlaczego? No bo co my tu mamy? Dwoje ludzi. Co o nich wiemy? W zasadzie poza tym że ona jest kelnerką ...	10
92	Nuda! Widziałam bardzo dużo musicali, ten film to nieporozumienie. Nie dotarłam nawet do połowy, wyłączyłam.	2
93	Musical dla cierpliwych. Przez jakiś czas wydawał się nudny, więc na trzy podejścia go obejrzałem. To nie jest mój ulubiony typ filmów. Miałem dać ocenę 7 , ale za mądrą treść zasługuje na 8.	8
94	MEDŻIK. Po prostu magia. Dokładnie tego się spodziewałem po zapowiedziach i przychylnych recenzjach ;) Recenzja poniżej. Jak Wam się podobał? https://www.facebook.com/kinom aniek/photos/a.141815389488401 6.1073741828.1408071552558917/ 1493559830676755/?type=3&a mp;theater	9
95	Z tym filmem jest jak z modą, już dawno straciła kontakt z rzeczywistością Wystarczy spojrzeć na relacje z wybiegów gdzie kobiety-patyki lansują dziwne buty i śmieszne stroje których nikt normalny nie założy a jednak znajdują się tacy którzy za to płacą i to oklaskują. Czy są to ludzie bardziej wyrafinowani o innym postrzeganiu świata? Pewnie tak i tylko stan zasobności portfela różni ich od tych którzy właśnie ...	3
96	Co za szmira!!! Nuda i kicz.	3
97	Antymusical Uwaga Spoiler! Ten temat może zawierać treści zdradzające fabułę.	8
98	L.A. Story Piać z zachwytu nie będę,tym niemniej oglądało się przyjemnie,nie powiem. Nie klasyczny musical,raczej muzyczny romans, z ciekawymi rolami Goslinga i Stone i magicznym L.A w tle. Oddanie hołdu dawnym musicalom i w ogóle dawnemu Hollywood. Duży dobrej muzyki,ze szczególnym uwzględnieniem Jazzu. Nic wielkiego,fabuła raczej pretekstowa,ale ogląda się,pomaga się zrelaksować,a to już coś.Z pewnością nie jest to ...	6
99	Wróciłem właśnie drugi raz z kina... ...końcówka mnie znowu tak wzięła do siebie, że się rozryczałem jak bóbr. Piękny film.	10
100	Pierwszy musical od Chicago (2002) który wygra oscary? Jak na razie wydaje się być faworytem a na pewno jest w TOP3. Wygląda troche jak throwback, ukłon w kierunku dawnego kina. Zwiastuny robią wrażenie, a pierwsze recenzje już za pare dni z Wenecji.	9
101	Równo 40 Lat temu Martin Scorsese nakręcił ten sam film ( 1977) ... ale został zmieszany z błotem bo to inne czasy były; klimat i nastroje społeczeństwa. Dzisiaj ludzie potrzebują dosłownych drogowskazów ( w kwesti nawet takich oczywistych oczywistości - co w życiu ważne jest ) dlatego tyle nagród dla tego filmu. Wcześniejszy film tego reżysera zasłużył na wszystkie nagrody - ten ewentualnie na nagrodę ...	6
102	Rzeczywistość lub marzenie Musicale są jednym z niedocenianych gatunków filmowych w świecie kina. Zazwyczaj kojarzyłam je z przesłodzonym, wymuszonym i empatycznym śpiewaniem głównych bohaterów oraz nudnymi, chaotycznymi choreografiami. Wybierając się na film la la land w reżyserii Damiena Chazellea byłam step-tycznie nastawiona. Obawiałam się ckliwej historii miłosnej, która wymusza w odbiorcy płacz. Treści ...	8
103	To NIE JEST dobry musical.... Tyle miesięcy czekania.....na co? W swoim życiu obejrzałam kilkadziesiąt musicali, gatunek ten znam od podszewki. Naprawdę mnie nie zachwyca/nie olśniewa. Dziwię się tak pozytywnym ocenom na portalu i generalnie w świecie (7 Złotych Globów? Proszę.....). Przyjemny? Owszem, ale nic po za tym. Ogromne rozczarowanie....	6
104	Film to arcydzieło - delikatne, urocze, magiczne! Oczekiwania miałam ogromne (po Whiplashu i po tych wszystkich nominacjach i nagrodach) - i dostałam film, który uderzył mnie w serce!! Tak ogólnie to był film o marzycielach. Ale to uproszczenie. Był to film o miłości - ale to także nie wszystko. Było o wyborach i cenie marzeń - a ostatnie marzenie- uderzyło mnie w serce! Był to musical - a melodia na fortepianie ...	10
105	Smutne zakończenie. Świetna muzyka, doskonała gra aktorska, ale niestety zakończenie trochę mnie rozczarowana.	8
106	takie sobie la la la Film średni, ogólnie łatwy , lekki i przyjemny w odbiorze i nic po za tym, te 14 nominacji do Oscarów tyle samo co dla Titanica to jakiś żart i zniewaga dla dzieła Camerona.	5
107	Kocham scenę otwarcia i już. Porywa mnie muzycznie i wizualnie, zachwyca robota operatora, reżysera i całej ekipy. No rewelacyjnie im wyszło.	9
108	9/10 z dużym serduszkiem obok. Zauroczył mnie. Muzycznie film jest doskonały! City of Stars stanie się kultowym kawałkiem. Czarujący musical o marzeniach i poświęceniach.	9
109	Zly film Zly film i jeszcze gorszy musical. Staszny, oklepany badziew. Muzyka labiutka, wykonania przecietne. Daleko, daleko za Moulin Rouge! czy Skrzypkiem na dachu, a nawet ostatnia wersja Nedznikow. Infantylny, nudny, bez polotu - typowy gniot dla przecienego widza.	2
110	La La Ladne zamieszanie zrobili w okół filmu.... Po filmie, który zdobył tak wiele nominacji do różnych nagród, w tym tyle Oscarowych, można się spodziewać dużo więcej. Film oczywiście ma swoje plusy i minusy, jednak tych negatywnych rzeczy jest dużo więcej. Fabuła nijaka, nie ma jakiegoś szczególnego wątku. Nie wiadomo czy to film o miłości, śpiewaniu, muzyce, walce o marzeniach. Na początku pełno kolorów, a ...	6
111	La la land 9/10 Mi osobiście film bardzo się spodobał, ale zdania są podzielone, zresztą jak zwykle. Dziś film dostał aż 14 nominacji do Oskara i niektórzy się z tym wcale nie zgadzają. Jednak nie może w końcu być taki beznadziejny za nic nie dostałby tyle nominacji i może o to chodzi że ten film nie jest skierowany do nas(tzn. nie w tym sensie że od razu nam się nie spodoba) tylko bardziej do amerykanów i to ...	9
112	CUDO! Przecudowna historia dwóch marzycieli dażących ciągle do celu. Przepiękna muzyka, magiczny klimat filmu... Wzruszajacy koniec. Świetna gra aktorska, nic dodać nic ująć. Film oceniam na 9/10, REWELACJA! Kazdemu polecam.	9
113	Abba w kinie oglądając film miałem wrażenie, że twórcy robili ten film jak pod konkurs Eurowizji (tam 90% wykonań jest jakby specjalnie pisane pod formułę programu - trochę Abby, trochę wzniosłości, ale i humoru, plus szczypta folkloru itd) Tutaj mamy: dajmy trochę stylu lat 50 złotej ery hollywood, motyw amerykańskiego snu, motyw miłosny.., przynajmniej jeden Oskar murowany. dla mnie kicz wylewający się litrami, choć ...	4
114	Brawo Brawo !! Sześć Oskarów to świetny wynik. Genialny film . Dla mnie wygrywa w każdej kategorii.	10
115	Długo zwlekałem Myslalem ze ten cały zachwyt tym filmem jest jakiś sztuczny i słyszałem różne opinie wielu osobom sie podobało a nie, które sobie zasnęły. Ja jestem zachwycony, muzyka jest genialna, Emma gra świetnie, film trochę przenosi do innego świata, każda scena w tym filmie była potrzebna. Naprawdę majstersztyk! Polecam i to bardzo !	10
116	Oj...żebyście się nie zachlysnęli..n Ja nie wiem skąd taki zachwyt...przeciętny musical...i tyle daje 5/10...	7
117	Kim był ten krasnoludek z oscarów? Kim był ten krasnoludek, który tak krzyczał: to nie jest żart i pokazał kartkę z napisem Moonlight? Chyba po raz pierwszy na Oscarach widziałem prawdziwe emocje! Polać mu!	9
118	Oscary 2017 czyli największa wpadka w historii kina Jedno jest pewne. Przez najbliższe lata ta historia będzie krążyć od ust do ust i wszyscy będą się zastanawiać co tak naprawdę się stało. Kto pakował te koperty że w kopercie dla najlepszego filmu znalazło się nazwisko zdobywczyni oscara dla najlepszej aktorki? Strasznie mi żal twórców i obsady La La Landu. Zaczęli już dziękować wszystkim, rodzinie przyjaciołom, a tu ...	10
119	Chazelle znowu zachwycił Po świetnym Whiplash czekałem na nowy film tego reżysera. Zgodzę, że La La Land to przerost formy nad treścią, ale ta forma ujmuje widza. Scenariusz to kolejna historia o marzycielach w Hollywood. Film broni się jednak świetną muzyką, zdjęciami i solidnym aktorstwem. Nawiązania do klasyki kina tylko podkreślają jego wyjątkowość.	8
120	Wehikuł czasu... Od momentu, w którym po raz pierwszy usłyszałam o tym filmie, wiedziałam że to będzie coś niezwykłego. Zwiastun, wypowiedzi aktorów, dziennikarzy i znawców sztuki filmowej, ta cała otoczka sugerowała, że to zdecydowanie moje kino. Nie pomyliłam się. Ekranizacja reklamowana jako film dla marzycieli idealnie wpasował się w mój gust. Gust marzycielki z ogromnym szacunkiem do starego kina. Poruszone tu ...	10
121	Wywiad https://www.youtube.com/watch? v=3E-Q5IVCirA bardzo ciekawy. Ciekawe wyjaśnienie zakończenia.	10
122	8/10 dobry i wciagajacy Nie przepadam za musicalami, dlatego podchodzilem do tej produkcji z duzym dystansem. Nudza mnie z reguly te watki ze spiewaniem i przez to jakosc wytracam sie z fabuly. Podobnie bylo rowniez i w tym przypadku. Pierwsza polowa filmu byla troszke taka ospala. Historia typowa dla musicali, tylko ze inni aktorzy, inne piosenki i inna sceneria. Jednak z biegiem czasu zaczela wciagac mnie ta ...	8
123	La La land Uwaga Spoiler! Ten temat może zawierać treści zdradzające fabułę.	10
124	Dobry Ciekawie opowiedziana historia . Kariera czy miłość. Świetny muzycznie, rewelacyjne taneczne choreografie, ale nie do końca poczułem ta miażdżąca nastrojowość jaka powinna być w tego typu filmach. Dla mnie 7/10 było dobrze,ale jeszcze mi tam czegoś zabrakło.	7
125	Nienawidzę miusicali,ALE......... naprawde dobre kino,miłe romantyczne. gdy bohaterowie tańcza i spiewają uśmiech rysuję się na twarzy ,a poza tym wbrew moim obawom ,naprawde fajna i zaskakujaca fabuła.	8
126	Muzyka Czy ktoś orientuje się może jaki utwór grał na pianinie Sebastian? Mam na myśli moment kiedy Mia wchodzi do klubu i zamiera pod wpływem tego właśnie utworu, sam Sebastian został chwilę później zwolniony z pracy...jezeli dobrze zrozumiałem to za wykonanie tego właśnie utworu. Melodię tą wykonywał również kilkakrotnie w innych momentach filmu. Trochę przypomina Ojca Chrzestnego, jeżeli miałoby to kogoś ...	10
127	cz na pewno najlepszy film? Film niewątpliwie ma swój klimat, ale spodziewałam się czegoś innego - musicalu z pozytywnym przesłaniem Pierwsza scena na autostradzie urzeka rozmachem (taniec, muzyka, ilość aktorów), miała być trzęsieniem ziemi, po którym napięcie będzie rosło, niestety w dalszej części filmu napięcie stale spadało. Dla mnie było za mało muzyki i piosenek jak na musical, żadnej nie zapamiętałam. Klimat ...	5
128	Urok kina lat 50 -tych Jak dla mnie to film rewelacja. Gdzieś wyczuwa się w nim ten urok musicali lat 50 -tych. Miejscami , jak np po wyjściu z przyjęcia , magia kina z czasów  Deszczowej piosenki aż bije w oczy. Ścieżka dźwiękowa doskonała. Trafi na półkę z ulubionymi filmami.	9
129	Niezly, ale czy zasluguje na Oscara...? Podobal mi sie, moim zdaniem gra aktorska byla swietna, widac bylo, ze film dluzo wymagal od aktorow, ale nie wiem czy statuetka za najlepszy film sie nalezy...	6
130	Najnudniejsza randka EVER i to w walentynki Poszedłem na romantyczną randkę. Co przeżyłem? Zawód roku, po tylu nominacjach, pytam za co ? Za kilka uśmiechów Ryana? Za grę Emmy ? No bez przesady... Za muzykę, która nie porwała do tańca? Za flaki z olejem? Jestem romantykiem, potrafię wzruszać się ale ani ja ani moja dziewczyna nie wyszliśmy z kina zachwyceni. Szkoda bo oczekiwania mieliśmy, choć nie za duże - ...	3
131	Bajeczny :) Cudowny, bajeczny, magiczny i wzruszający. Piękna historia, GENIALNA muzyka i wspaniała gra aktorska. Nie chciałam, żeby się kończył :) Polecam wszystkim fanom musicali. Film zapada w pamięci na długo. Wspominałam już, że muzyka jest genialna?	9
132	Szukam piosenki :) Hej, jak nazywa się piosenka którą Mia zamówiła na imprezie żeby upokorzyć Sebastiana. Dzięki za pomoc	10
133	Dałem szansę Dawno nie oglądałem żadnego musicala, dałem szansę temu i... pozytywne zaskoczenie! :D No i Emma...:) ------------------------------ --- Zapraszam do subskrybcji youtube/channel/UCLYTGBn_Y3eck X_Oe1LNIAQ/featured	8
134	La La Land Uwaga Spoiler! Ten temat może zawierać treści zdradzające fabułę.	7
135	14 nominacji do Oscara... Jak ten film otrzyma Oscara za najlepszy film to ja się zastrzele....w przenośni :-). Toż to najsłabszy film z pośród 9 nominowanych. A z drugiej strony historia pokazuje że Oscara nie otrzymuje najlepszy film. Cóż Hamerica :-) Ten film nie powinien miec nominacj w kat najlepszy film. Pozostałe nominowane świetne a trzy rewelacyjne: Manchester, Moonlight, Lion. Oczywiscie tak to widzę ...	4
136	A miało być tak pięknie... Słyszałam wiele opinii o filmie La La Land. Większość z nich było pozytywnych. Jako, że lubię musicale, postanowiłam wybrać się do kina. Kupiłam bilet i tak oto znalazłam się na sali kinowej, siedząc w wygodnym fotelu i czekając na cudowną muzyczno - filmową przygodę. Taka się zapowiadała już od pierwszej sceny na autostradzie - nie wnosi ona nic istotnego do fabuły filmu, jednak wprawia ...	5
137	... Specyficzny... pewnie, dlatego że to musical. Zaskakujące zakończenie. W niektórych momentach miałam wrażenie, że główni bohaterowie fałszują. Jest to coś w tym filmie, ale chyba nie wrócę do niego ponownie.	6
138	Lekkie rozczarowanie. Bardzo dobra końcówka. Na minus, bardzo mało różnorodnych utworów jak na musical. Może 6 piosenek, a resztę to ciągnący się motyw muzyczny. Piosenki nie były również rewelacyjne.	6
139	6/10 i tyle.. Jak Dla mnie... To Romansidło, scenariusz ?? Marny.. Gra aktorska ? Dobra ... I nic wiecej .. Trochę na końcu smutny. Ale na pewno aktorzy sie poświećili dla tych ról, Dziesiątki godzin pracy na planie. Dla mnie mocne 6 !	6
140	Magia To film magiczny. Taki, który zmienia ludzkie życie i zapada głęboko w pamięć. Chce się do niego wrócić już zaraz po zakończeniu seansu. Na trwałe wpisał się kanonu filmów, które skradły moje serce, może nawet zajmuje w nim pierwsze miejsce...	10
141	Czarujący (uwaga, trochę spoilsów) Poszedłem na film ze swoją partnerką i może dlatego miał większą siłę rażenia :) Pod względem scenariusza słabiutki, w środku nudnawy, żeby jednak zwieńczyć się mocnym akcentem. Aż za mocnym, człowiek jak natrafia na podobne uczucie w swoim życiu, to wie, że szczęśliwe zakończenia nie są przesłodzone. Wiadomo, że z drugiej strony jakby wrócili do siebie, to dziecko miałoby niemałą ...	7
142	Słabizna Czytam recenzje na tej stronie i oczy przecieram ze zdumienia - moze bylismy na roznych filmach? La la land zaczyna sie wspaniale i ma sie nadzieje na nową Gorączkę sobotniej nocy, ale potem jest już tylko coraz gorzej. Aktorzy? No cóż, Ryan Gossling nadrabia troszeczke, milo jest na niego popatrzec, ale w przypadku Emmy Stone po prostu łatwo uwierzyc, że oblewa kolejne castingi- jak dla mnie jest ...	3
143	Pytanie odnośnie kolorów i montażu, które wpływają na ocenę. Zachwycił mnie film przede wszystkim ładnymi obrazkami. Czy scena z trailera (czyt. taniec przy wschodzie Słońca na tle całego miasta), a właściwie tło nie było czasem doklejone, czy istnieje naprawdę takie miejsce? Poza tym, pewnie zauważyliście mnóstwo fioletu w różnych odcieniach, który dodaje klimatu. Czy dany fiolet powstał za pomocą dodania ...	8
144	Znany motyw muzyczny Kojarzę z dawnych lat motyw muzyczny z utworu Engagement party. Szybsza i weselsza jego wersja leci również w zwiastunie filmu w telewizji. Czy ktoś wie, skąd on pierwotnie pochodzi?	8
145	Veni vidi flevit Znowu go obejrzałem. I coś rzuciło mi się w oczy. Na forum rozstrzygana jest podstawowa kwestia - dlaczego Mia nie jest ze Sebastianem. Dlaczego Sebastian nie pojechał z Mia do Paryża. Myślę że rozstanie nastąpiło wcześniej, podczas kłótni. Na ławce ostatnie (prawie) ich zdanie to:zawszę będę cię kochał. Ja ciebie też. To właściwie pożegnanie.	10
146	6/10 Muzyka, scenografia i gra aktorska świetna, plus za niebanalne zakończenie, które mi i większości osób z wycieczki szkolnej się bardzo spodobało, lecz koledzy obok mnie go komplemie nie rozumieli, a koleżanki z drugiej strony bardzo się zawiodły. Fabuła jak i cały film bardzo nudna. Parę osób na sali kinowej po prostu zasnęło. Film się ciągnął i zanudzał. Zakochałem się jednak w ścieżce dźwiękowej i to go ratuje.	7
147	Rozmazany obraz Nie wiem, czy też to zauważyliście, ale jak były pokazany ruch, gdy kamera śledziła postać, to obraz był tak rozmazany (jak gdyby na przemian ostry i nieostry), że aż kręciło mi się w głowie. To wina kina, kopii, czy film tak ma wyglądać?	7
148	nie przyszłoby mi do głowy iść na musical , ale obejrzałam i ...rozmarzyłam się ! Piękny film , kolorowy, o marzeniach, miłości , życiu , okraszony świetną muzyką , trochę humorystyczny - nie warto słuchać niepochlebnych opinii , bo sam film może nie jest arcydziełem , ale jego przekaz dotyka serca	8
149	!! Jest to moja piersza recenzja. Osobiście będąc przekonym dla nieco specyficzych komedii dramatów etc... byłem przekonany iż La La Land będzie moim największym kinowym rozczarowaniem. Jednakżę wielce zdziwionym będę gdy przysiadam do recenzji tego filmu i stwierdzam iż będąc przyzwyczajony do współczesnych mjusikli mogę temu wystawić 10/10. Nie tylko zachwyca tu pełno planowana rola Emmy Stone jak i ...	10
150	Scena w muzeum/planetarium Uwaga Spoiler! Ten temat może zawierać treści zdradzające fabułę.	8
151	All that hate Film miał być z założenia prosty, przyjemny, z fajną muzyką. I jest. Muzyka jest świetna, również para głównych aktorów jest świetna (zwłaszcza Emma). Ja wyszedłem z kina oczarowany. Na te 2 godziny seansu czułem się, jakbym został przeniesiony do lat 50. do czasów świetności musicali, które charakteryzowały się tą lekkością, magią i bezpretensjonalnością. Damien Chazelle dał nam to, za czym tak bardzo ...	10
152	Dwa podejścia Jako, że nienawidzę wręcz musicali, to podchodziłem do tego filmu w zasadzie dwa razy, bo za pierwszym tak mnie znudził, że stwierdziłem, że dotrwanie do końca graniczy z cudem. Dziwi mnie tak wysoki zachwyt nad tym filmem. Jest on grubo przereklamowany, a nominacja do Oscara pojawiła się tylko dlatego, że musical jest czymś oryginalnym w dzisiejszym komercyjnym przemyśle filmowym. Inną sprawą są ...	5
153	Kiedy na Blu-Ray? Byłem, widziałem, słyszałem, chcę jeszcze raz... Wie ktoś&nbsp;kiedy jest zapowiedziana premiera na krążku Blu-Ray? edit: Ok znalazłem; kwiecień 2017	9
154	nie wiem ... Gosling zagrał poprawnie ale nie rzuca na kolana. Muzycznie natomiast dużo lepszy od Emmy Stone. Wręcz jestem zaskoczony jego umiejętnością grania na fortepianie. Film generalnie zrealizowany znakomicie. Wszystko dograne w najlepszym hollywoodzkim stylu. Świetna muzyka, płynnie zrealizowane sceny, scenariusz z przesłaniem i dozą prozy życia każdego z nas. Czy jest to film wybitny ? Trudno stwierdzić. ...	8
155	W krainie La La Land Tak więc z niewielkim opóźnieniem dotarłam na jeden z popremierowych pokazów La La Land. Zbierałam się od ponad dwóch tygodnie. Cóż mogę powiedzieć... Ciężko w sposób oczywisty opisać ten film. Jest to bowiem historia o marzycielach, dla marzycieli. La La Land to film, którego nie można w żaden sposób sklasyfikować. Porównanie do jakiegokolwiek innego dzieła to błąd. Moim zdaniem to jakby nowy ...	10
156	.... Zwykła wręcz banalna,oklepana historyjka ale cała reszta zdjęcia,scenografia,muzyka gra aktorów naprawdę rewelacyjna...	9
157	Przesłanie zakończenia. Was tez zabolało? Uwaga Spoiler! Ten temat może zawierać treści zdradzające fabułę.	9
158	Rewelacyjny! Na plakacie jest napisane, że dla marzycieli więc nie rozumiem osób, które piszą negatywne komentarze. Trzeba było nie iść jak nimi nie jesteście! O to chodzi, że film wyłącznie do takich osób jest skierowany- romantyków i marzycieli, a nie do niedojrzałych gimbusów! W kinie oczywiście znalazło się takich dookoła, nie można było oddać się całkowicie filmowi, bo gadali że nie rozumieją o co chodzi, ...	9
159	Fiat 500 i Maluch w drugim planie! Love! :D	8
160	Musicale? Wczoraj - nie, Dziś? Poproszę W zasadzie nie wiem czy jest to musical. W początkowej fazie filmu drżałem o to czy nie będzie 2 godzin śpiewania, ale na szczęście z czasem lekki musical w zwiewnych kolorowych sukienkach zmienił się w głębszy film muzyczny. W drugiej części filmu na prawdę trudno było usłyszeć na sali jakikolwiek szum czy szelest, a ja uświadomiłem sobie, że skreślanie musicali nie było ...	9
161	Złamane serce Uwaga Spoiler! Ten temat może zawierać treści zdradzające fabułę.	10
162	Świat potrzebował La La Land? Mam takie wrażenie, że taki pozytywny, inspirujący i hipnotyzujący film był teraz potrzebny bardziej niż jakikolwiek inny	9
163	Marzyciele Właśnie jestem świeżo po seansie w kinie. Ja uwielbiam musicale, więc film mi się podobał. Jeszcze myślę nad oceną, waham się pomiędzy 9-10. Mam do Was pytanie - co myślicie o zakończeniu filmu ?	9
164	La la si si do do Jak powiedział Alf- znany kosmita, muzikale są głupie, ni z tego ni z owego ludzie zaczynają śpiewać, ale ten mi się podobał	7
165	Rozkręca się z czasem Koszmarnie nudna pierwsza połowa filmu przeistacza się w całkiem przyzwoitą komedię w drugiej połowie. Lepiej, że w tę stronę. Pomijając milczeniem pierwszą część, druga ma całkiem niebanalną fabułę, dobre dialogi i niezłe zakończenie. Film przetykany występami wokalno-artystycznymi z bardzo bogatą symboliką .. której nie rozumiem, co wcale nie znaczy że jest zła. :-) Niestety sam śpiew i ...	6
166	Już było takie zakończenie... Uwaga Spoiler! Ten temat może zawierać treści zdradzające fabułę.	6
167	Chemia Jeden z powtarzających się zarzutów to brak chemii między bohaterami. Ja czuję tyle chemii co w IG Farben ale może się mylę. Czy możecie napisac na czym polega ten brak chemii?	10
168	Ode mnie parę słów na temat filmu http://jackthemoviemaniac.blog spot.com/2017/01/la-la-land-20 16.html	7
169	Cytat o los angeles Uwaga Spoiler! Ten temat może zawierać treści zdradzające fabułę.	10
170	Zawód. Uwaga Spoiler! Ten temat może zawierać treści zdradzające fabułę.	5
171	Czy tylko mnie kłują w oczy nieostre zbliżenia? Wiele jest ujęć na twarz Emmy Stone, w których to nos, to oczy aktorki wymykają się z głębi ostrości. To rozprasza (zwłaszcza gdy siła kadru opiera się na mimice) i daje poczucie niedbałości, co dziwi w produkcji tego formatu i jeszcze nominowanej do Oscara za zdjęcia. Rozumiem zachwyt nad wizualną stroną filmu oraz fakt, że doceniono pracę operatorską niełatwą, ...	7
172	nudy Nie wiem nad czym się tu zachwycać,po pół godzinie chciałam uciec a po godzinie prosiłam o dobicie. Strata czasu i kasy.	3
173	Teksty Gzie można znaleźć w sieci teksty piosenek?	10
174	Nie mogę się uwolnić od klimatu i co sobie przypomnę zakończenie to jestem zdenerwowana - jeszcze się nie pogodziłam. Czas w kinie minął bardzo szybko, a City of Stars słucham w kółko od powrotu do domu z seansu. 10/10 (+zachwyciłam się Emmą).	10
175	Magiczny Zdecydowanie jeden z najlepszych filmów jakie ostatnio powstały. Interesująca fabuła, wybitna oprawa muzyczna, zjawiskowe aktorstwo - jak najbardziej to kupuję! Jeszcze zakończenie chwytające a serce, 9/10	9
176	10/10 - Najlepszy film ostatnich miesięcy Nie dziwie się że ten film dostał tyle nominacji do Oscara. Polecam.	10
177	Emma Stone, brawa tylko dla niej Uwaga Spoiler! Ten temat może zawierać treści zdradzające fabułę.	3
178	Dobry Film jest niezmiernie smaczny, oryginalny, z pewnością inny i niepowtarzalny. Nie jestem fanką musicalu ale muzyka w tym filmie, a tym bardziej ta grana przez głównego bohatera na pianinie, zachwyciła mnie. Taki film wymaga o wiele więcej pracy niż jakaś tam amerykańska komedia. Wymyślanie melodii, słów (tak, aby się rymowały), opracowywanie choreografii, których w filmie nie brakuje no i scenografii. Gra ...	7
179	Laserem po oczach, czyli romans Barbie i Kena Ponieważ musical LLL postrzegam jak perszinga z głowicą masowego rażenia, pokusiłem się o napisanie zjadliwej recenzji; niestety zarówno moja, jak i 18 innych są blokowane - od wielu dni oczekują na weryfikację. Być może stoi za tym nawet lobby zza oceanu ;) . Oni wiedzą, że umoczyli, a jedynym wyjściem jest ucieczka do przodu, czyli obsypanie nagrodami, to może ...	3
180	Już widzę skąd taka ocena na filmwebie... Większość ludzi wypowiadających się tu na temat zwłaszcza muzyki nie ma o niej najmniejszego pojęcia. Każdy ma prawo do wyrażania swoich poglądów, ale BŁAGAM zachowajcie to dla siebie i dla swoich znajomych, jeżeli chcecie być brani na poważnie. Uważam, że film wydawać by się mogło banalny, dostarczył niesamowitych wrażeń wizualnych i słuchowych. Muzyka nie do opisania, ...	10
181	dla uprzedzonych trzeba być uprzedzonym, że jest to musical, czyli wiedzieć czego się spodziewać, a czego nie. Ludzie potrafią na filmie spać i nawet z niego wychodzić. Jak się ma dystans i nie jest się uprzedzonym to da się wytrzymać, a nawet można się wciągnąć bo miejscami jest klimat. .... Z misicali tolerowałem tylko Hair, J.Ch Superstar i Mamma Mia. Nie będę fanem Lalalala, ale wytrzymałem do końca choć o 24 ...	7
182	Prawdziwe oblicze jazzu Czy jest to jedynie film o miłości i cenie jaką trzeba zapłacić za sukces? Chazelle tym razem próbuję pokazać nie tylko ogromne poświęcenie dla pasji lecz ponawia manifest poczęty w ,,Whiplash o tym jak mylnie w dzisiejszych czasach postrzegany jest jazz. W moim odczuciu jest to rodzaj rewolucji, która pod efektowną i przyciągającą osłoną ma na celu uświadamianie coraz większego grona o tym ...	9
183	jprdl co sie zobaczylo sie nie odzobaczy..niestety jesli ten syf dostanie oscara..nie wroc sam fakt nominacji to powod, zeby ludzkosc wydrapala mozgi nosem, oczy lyzeczka i poprzebijala bebenki, bo juz im nie beda potrzebne..swiat schodzi na psy, widz oczekuje i chce coraz mnie i słabiej.	4
184	techniczne zachwyty, fabularne zgrzyty - plusy i minusy Uwaga Spoiler! Ten temat może zawierać treści zdradzające fabułę.	7
185	Dla ludzi, którzy nie lubią musicali - ten film tego nie zmieni!!! Zmarnowana godzina życia, bo na drugiej połowie już spałem. Denny, nudny i typowo amerykański :/ Nie wiem skąd tak wysokie oceny tego filmu.	1
186	masa Nominowany do Oscara w 14 kategoriach? Nie rozumiem fasycnacjii tym filmem, historia spoko, ale Nowy początek przebija wszystko, jak na poczatku widze ze kobieta w korku zaczyna spiewac, to przy wspomnianym filmie, ktory od poczatku do konca momentami przeraza to az ciezko mi w to uwierzyc.	5
187	Strata Csazu What a bore! Ode to Hollywood...meh...	2
188	dobra obsada to nie wszystko, scenariusz a szczególnie końcówka filmu to jakiś kosmos po obejrzeniu filmu mam ogromny niedosyt bo marzyłem o tym, że gdy wyjdę z kina powiem sobie i innym fajny lekki film, godny polecenia, a tutaj stwierdziliśmy zgodnie ze znajomymi że film jest godny polecenia ale tylko gdy nie masz już co w kinie obejrzeć... ocena 6 to max a marzenia legły w gruzach	5
189	TWARZ Emmy Stone Co się z nią stało? Wygląda inaczej niż w pozostałych filmach, czy tylko ja to widzę :) ?	7
190	Przechwalony Zawiodłam się :/ Zanim poszłam wszyscy mnie namawiali, mówili jaki to genialny... może właśnie dlatego mi się nie spodobał. Zazwyczaj lubię musicale, więc to jeszcze dziwniejsze. Powód może być jeszcze jeden, po prostu pamiętam naszą cudowną parę aktorów z Kocha, lubi, szanuje i nieodłącznie, zawsze będą związani z tym obrazem. Niemniej jednak nie podobało misię i czuję, że zmarnowałam 2h życia. ...	3
191	Baśń z dramatem w tle Przepiękna opowieść o sile marzeń, znaczeniu niewinnych słów i trudności wyboru. Do tego musicalowa, baśniowa otoczka, która wciąga w zupełnie nieziemską rzeczywistość. Dlatego nie dziwią mnie liczne nominacje do Oscarów, któż by się nie zauroczył? Zdziwię się jednak, jeśli którąś z głównych statuetek ten film otrzyma. Jest przyjemny i wzruszający, idealny, by obejrzeć i zapomnieć o trudnym ...	7
192	Smacznie i kolorowo, ale czy to ten poziom? Film osobiście mi jest bliski, bo kiedyś byłem muzykiem jazzowym, myślałem tak samo i znam zgrzyty rodzinne mało zarabiającego muzyka. Nie wiem czemu, ale do porównania na myśl mi przyszły filmy Kabare z Lizą Minelli, Cotton Club. Oglądałem te filmy, kiedy byłem nastolatkiem i dobrze pamiętam, jak duże wrażenie wywarły na mnie, zwłaszcza Kabare. Moim zdaniem film ...	6
193	lekkie rozczarowanie Nie wiem skąd tyle nominacji do nagród i zachwytu? Film jest lekki i przyjemny ale z nóg nie powala. Whiplash jak dla mnie zdecydowanie lepszy a z musicali wybieram kultowe Dźwieki muzyki Rozumiem hołd składany hollywoodowi i amerykańskiemu przemysłowi filmowemu jednak idea jakoś do mnie nie trafiła. Mocną strona filmu pozostaje muzyka i jak dla mnie jest największym atutem tego obrazu.	6
194	Podobno wieść o tańczącym i śpiewającym Goslingu dotarła do raju. Fred Astaire zwymiotował Geneowi Kelly na buty.	3
195	Czy tylko u mnie na seansie ludzie wychodzili grupami? Tak jak w temacie? W sumie nie dziwi mnie to, przez pierwsze 30 minut zastanawiałam się czy nie wyjść również, obejrzałam cały i... po filmie została mi w pamięci i krąży do teraz piosenka City of Stars. Najjaśniejszy punkt całego filmu.	7
196	Czegoś jednak zabrakło... Każdy marzyciel tworzy swoje własne uniwersum, na które mogą składać się nawet najbardziej absurdalne wykreowane przez wyobraźnię zdarzenia - istotnym punktem jest ich znaczenie. Niestety, w filmie La la land niektóre odstępstwa od rzeczywistości wydawały się mdłe i sztuczne, na przykład taniec głównych bohaterów na tle galaktyki. Miały być marzenia, a wyszedł kicz. Niby coś tam tańczą, ...	7
197	fiat 126p w filmie Ile samochodów marki 126p udało się wam podczas oglądania dostrzec?????????????	9
198	Ambiwalentne odczucia... Dokładnie tak. Po powrocie z kina mam mieszane odczucia. Szedłem podbudowany tą całą pompą z nagrodami, nominacjami i zachwytami, a wróciłem trochę jakby oszukany. Film owszem, dość oryginalny i nietypowy jak na te czasy, gra aktorska na wysokim poziomie, no i rozbrajająca muzyka, ale nic więcej. Przecież to już było. Asterowski musical z kiczowatymi motywami żywcem przeniesionymi z filmów z ...	7
199	Dobry, ale bez rewelacji Jestem po seansie i mogę napisać, że film dobry, fajnie zrealizowany i oglądało się przyjemnie. Natomiast do arcydzieła mu daleko i nie rozumiem aż takich zachwytów. 14 nominacji do Oscara to jednak lekka przesada. No ale jak napisałem, film dobry.	7
200	nie wiem co powiedzieć Dawno nie wyszedłem z kina tak bardzo rozczarowany...ten cały hype niestety szkodzi filmowi. La la land przez 3/4 czasu jest naprawdę nudny.Piosenki raczej nie wpadają w ucho. Najbardziej przereklamowany film tego roku jak dla mnie ;/	8
201	Dlaczego takie zakończenie ? Uwaga Spoiler! Ten temat może zawierać treści zdradzające fabułę.	7
202	Niezły ale nie rozumiem ogólnego zachwytu . Zacznę od plusów : - więcej rozmów niż tańca i śpiewu . Nie jest to typowy musical i bardzo się z tego cieszę bo naprawdę nie lubie musicali ..te muzyczne wstawki irytują jak reklamy na polsacie .. -Film ma w sobie pewien urok ,magię ,miło się na niego patrzy - Zakończenie pozytywnie mnie zaskoczyło Minusy : -Na początku wieje nudą ,film wolno się rozkręca -brak ...	6
203	Wątpliwości co do zakończenia. Uwaga Spoiler! Ten temat może zawierać treści zdradzające fabułę.	9
204	To jest szturm! (opinia) Bardziej poważani twórcy mogliby się od Chazelle’a uczyć, jak z prostego scenariusza wycisnąć tak wiele emocji, jak zarażać swoją pasją widza i jak po prostu cieszyć się kinem. A jest jeszcze finał! Zakończenie, które wnosi tę historię na zupełnie inny poziom. Ostatni raz „5 minut” filmu rozłożyło mnie w ten sposób na łopatki podczas początkowej sekwencji Odlotu. To, co wyprawia Chazelle, to ...	8
205	Dla każdego cóś miłego. Nie jest to wielkie dzieło ale fajnie się patrzy i słucha. Były już lepsze mjuzikale ale z braku laku....	7
206	Zastanawia mnie wysoka ocena tego filmu. Wynudził mnie on strasznie. Wzruszyła mnie jedynie końcówka. Daleko mu do Mamma Mia	5
207	Musical to duże wyzwanie. Uwaga Spoiler! Ten temat może zawierać treści zdradzające fabułę.	7
208	Nowe kino Boski! Siedziałam jak zaczarowana w kinie. Muzyka i widoki cudne. Ryan i Emma stworzyli wiarygodny oraz ciepły duet. Fanką musicali nie jestem ale mam wrażenie, że La La Land stworzyło własną definicję tego gatunku. Cały film jest przyjemny, inspirujący. Podnosi na duchu,wypełnia szczęściem. Polecam i zachęcam, wreszcie coś nowego i lekkiego na ekranach. Całe dwie godziny relaksu :)	10
209	Bardzo dobry,subtelny,delikatny wciągający! Do tego filmu polecam słodkie wino i naleśniki suzzete bo taka kolacje podałem żonie do tego filmu pierwszy raz je jadłem sam zrobiłem pyyyyha!Film tez pycha Emma Stone murowany Oskar oczarowała mnie!Oczywiście film nie zdobędzie tylu Oskarów co wszyscy mu wróżą bo tak jest zawsze po złotych globach jest figa z makiem !	8
210	9/10 ! Jak nie cierpię musicali to ten mnie przekonał w całości... rewelacyjny film... kapitalny muzycznie, tanecznie, wizualnie... jak tu wszystko pięknie wygląda... jak genialnie napisana historia... Po prostu majstersztyk ! 9/10 !	9
211	Spodziewałem się czegoś innego Uwaga Spoiler! Ten temat może zawierać treści zdradzające fabułę.	5
212	Kocham ten film!!! Dawno czegoś podobnego nie doświadczyłem. Śmiałem się i płakałem, płakałem i śmiałem się przez łzy. Łzy szczęścia! Magia kina w najczystszej postaci!!!! Emma i Ryan absolutnie wspaniali i czarujący. Jednej rzeczy nie rozumiem. Jestem świeżo po seansie w Poznaniu i na sali było może z 10 osób. Przykre...	10
213	To NIE JEST dobry musical... Tyle miesięcy czekania.....na co? W swoim życiu obejrzałam kilkadziesiąt musicali, gatunek ten znam od podszewki. Naprawdę mnie nie zachwyca/nie olśniewa. Dziwię się tak pozytywnym ocenom na portalu i generalnie w świecie (7 Złotych Globów? Proszę.....). Przyjemny? Owszem, ale nic po za tym. Ogromne rozczarowanie....	6
214	musical, romans? Po prostu dramat ;). Film na poziomie przedstawienia w szkole średniej. Pani Emma Stone tak niezgrabna w musicalu niczym wielki Dustin Hoffman na przesłuchaniu do Absolwenta.	2
215	Jedno wielkie WTF Nie wiem jakim cudem ten film dostał 7 Globów, 7 Malin to rozumiem. A skad taka ocena? a no stad że film jest NUDNY jak diabli, scenariusz pisany na kolanie i schematyczny aż do bólu..pamietacie Russela Crowea śpiewającego w Nędznikach? wiec odpowiadam tak Gosling śpiewa rownie kijowo, bo o tańczeniu wole nie wspominać, niech on juz zostanie przy rolach małomównych obijmordów bo mu to najlepiej ...	2
216	Zakończenie.. Uwaga Spoiler! Ten temat może zawierać treści zdradzające fabułę.	10
217	Jest mnóstwo lepszych musicali, chociaż ten nie był zły Dałam siódemkę, chociaż będąc w połowie filmu myślałam raczej o 6. Fakt. Piosenki i tańce aż tak nie porywają jak w Deszczowej Piosence, czy innych tego typu musicalach, a śpiew tutaj zwyczajnie słaby. Fabuła troszeczkę mogłaby być bardziej urozmaicona. Podniosłam jednak ocenę ze względu na udaną nocną scenę tap dancingu głównych bohaterów na tle pięknego widoku. ...	7
218	Tak jak w Pamiętniku Uwaga Spoiler! Ten temat może zawierać treści zdradzające fabułę.	4
219	Dobry ! Nie przepadam za filmami muzycznymi (Musical) ale ten jest ujmujący ,sympatyczny ... Ogląda się go po prostu przyjemnie !Obsada nie zawodzi i muzyka która dodaje kolorytu do całości ... No cóż mogę go polecać z przyjemnością ;)	7
220	A mogło być tak pięknie... lecz niestety pozostały tylko domysły. W końcówce filmu, główna bohaterka Mia, po 5 latach od rozstania ze swoją pierwszą miłością, wizualizuje sobie i przez chwilę uprawia gdybologię w głowie jakby to mogło być, gdyby do rozstania nie doszło. Wszystko to dzieje się podczas koncertu byłego ukochanego na który Mia przyszła ze swoim mężem. Nie bez kozery mówi się stara miłość nie rdzewieje, ...	5
221	Męskim okiem Czy facet może iść na tern film i się nie wynudzić ? czy po 15 min. będzie obmyślał plan ucieczki z kina ? Film jest słodki bardzo słodki , bajeczny , romantyczny , to wszystko przemawia za ucieczką z kina albo męczarnią przez 2 godz. w ramach poświęcenia dla dobra związku. Uspokoje was nie jest źle , jest nawet nienajgorzej . Film zrealizowany współcześnie ale jakby żywcem wyjęty ze słodkich reklam ...	7
222	Krotka pilka - bez spoilerow, subiektywnie Jeśli widz jest bezkrytycznym fanem musicali, szczególnie tych z lat 50. czy 60., to prawdopodobnie uzna film Chazelle`a za bardzo dobry, a kto wie, może wrecz rewelacyjny. Niekwestionowanymi zaletami filmu sa zdjęcia i niezla gra glownych aktorow. La la land nawet nie dluzy się chociaż trwa ponad 2 godziny. Calosc przypomina piekna muzyczna pocztowke, która doskonale ...	6
223	Czy to była wielka miłość? Uwaga Spoiler! Ten temat może zawierać treści zdradzające fabułę.	8
224	Film bardzo dobry, ale... Zacznę od złych rzeczy - Jak dla mnie, pierwsza część filmu gorsza niż druga - trochę mi się dłużyła, można by poskracać niektóre sceny, bez żadnej straty dla filmu. Ogólnie im dalej w film tym lepiej, a zakończenie to już mistrzostwo - bardzo mi się podobała ostatnia scena, która pokazuje jak wiele wspomnień i marzeń może przywołać muzyka.. Ogólnie 8/10.	8
225	Zakończenie Uwaga Spoiler! Ten temat może zawierać treści zdradzające fabułę.	10
226	Widziałam, to ocenię... Jak czytam, że to murowany kandydat do Oscara, to już wiem, że tegoroczna gala mnie nie intetesuje. I kino amerykańskie, tak w ogóle, też już nie bardzo.	5
227	???? To jes do dxpy i koniec. Film bezsensu	1
